r_284_100.jpg,tomato
r2_227_100.jpg,tomato
r2_57_100.jpg,tomato
50_100.jpg,tomato
r2_208_100.jpg,tomato
r2_60_100.jpg,tomato
r2_228_100.jpg,tomato
r2_238_100.jpg,tomato
202_100.jpg,tomato
r_248_100.jpg,tomato
43_100.jpg,tomato
r_239_100.jpg,tomato
r2_12_100.jpg,tomato
r_230_100.jpg,tomato
r_279_100.jpg,tomato
r_242_100.jpg,tomato
181_100.jpg,tomato
r2_165_100.jpg,tomato
r2_282_100.jpg,tomato
r_276_100.jpg,tomato
r_274_100.jpg,tomato
r_271_100.jpg,tomato
r_243_100.jpg,tomato
r_234_100.jpg,tomato
54_100.jpg,tomato
r_228_100.jpg,tomato
r2_232_100.jpg,tomato
r_249_100.jpg,tomato
r2_257_100.jpg,tomato
r2_261_100.jpg,tomato
201_100.jpg,tomato
r2_255_100.jpg,tomato
r2_166_100.jpg,tomato
191_100.jpg,tomato
213_100.jpg,tomato
326_100.jpg,tomato
r_224_100.jpg,tomato
37_100.jpg,tomato
57_100.jpg,tomato
51_100.jpg,tomato
198_100.jpg,tomato
r_250_100.jpg,tomato
212_100.jpg,tomato
r_240_100.jpg,tomato
185_100.jpg,tomato
r_264_100.jpg,tomato
r2_161_100.jpg,tomato
r2_240_100.jpg,tomato
47_100.jpg,tomato
41_100.jpg,tomato
r2_260_100.jpg,tomato
r_252_100.jpg,tomato
r_0_100.jpg,tomato
214_100.jpg,tomato
r2_245_100.jpg,tomato
r2_277_100.jpg,tomato
r2_273_100.jpg,tomato
r2_280_100.jpg,tomato
r2_285_100.jpg,tomato
r2_167_100.jpg,tomato
324_100.jpg,tomato
48_100.jpg,tomato
r_221_100.jpg,tomato
r2_229_100.jpg,tomato
r_258_100.jpg,tomato
r_293_100.jpg,tomato
r_270_100.jpg,tomato
27_100.jpg,tomato
r_268_100.jpg,tomato
r_286_100.jpg,tomato
r2_271_100.jpg,tomato
56_100.jpg,tomato
r2_266_100.jpg,tomato
r_273_100.jpg,tomato
r_275_100.jpg,tomato
52_100.jpg,tomato
197_100.jpg,tomato
r_14_100.jpg,tomato
r2_235_100.jpg,tomato
217_100.jpg,tomato
24_100.jpg,tomato
r_267_100.jpg,tomato
r2_267_100.jpg,tomato
199_100.jpg,tomato
180_100.jpg,tomato
r_7_100.jpg,tomato
r2_270_100.jpg,tomato
r2_247_100.jpg,tomato
321_100.jpg,tomato
r2_279_100.jpg,tomato
r_260_100.jpg,tomato
208_100.jpg,tomato
320_100.jpg,tomato
r_235_100.jpg,tomato
r2_241_100.jpg,tomato
39_100.jpg,tomato
36_100.jpg,tomato
44_100.jpg,tomato
182_100.jpg,tomato
r2_226_100.jpg,tomato
r_282_100.jpg,tomato
r_281_100.jpg,tomato
31_100.jpg,tomato
318_100.jpg,tomato
r_241_100.jpg,tomato
r2_251_100.jpg,tomato
r2_256_100.jpg,tomato
r_5_100.jpg,tomato
r2_61_100.jpg,tomato
211_100.jpg,tomato
r_247_100.jpg,tomato
r_265_100.jpg,tomato
25_100.jpg,tomato
r_259_100.jpg,tomato
203_100.jpg,tomato
r2_254_100.jpg,tomato
r2_236_100.jpg,tomato
26_100.jpg,tomato
r_266_100.jpg,tomato
r2_242_100.jpg,tomato
r2_276_100.jpg,tomato
196_100.jpg,tomato
194_100.jpg,tomato
r_262_100.jpg,tomato
184_100.jpg,tomato
r_238_100.jpg,tomato
r_289_100.jpg,tomato
206_100.jpg,tomato
38_100.jpg,tomato
r_2_100.jpg,tomato
r_290_100.jpg,tomato
r_283_100.jpg,tomato
195_100.jpg,tomato
205_100.jpg,tomato
55_100.jpg,tomato
204_100.jpg,tomato
304_100.jpg,tomato
r2_225_100.jpg,tomato
r_233_100.jpg,tomato
322_100.jpg,tomato
r_1_100.jpg,tomato
34_100.jpg,tomato
r2_62_100.jpg,tomato
40_100.jpg,tomato
207_100.jpg,tomato
r_280_100.jpg,tomato
r_246_100.jpg,tomato
r2_244_100.jpg,tomato
r2_262_100.jpg,tomato
r2_239_100.jpg,tomato
35_100.jpg,tomato
r_257_100.jpg,tomato
r2_259_100.jpg,tomato
r_231_100.jpg,tomato
319_100.jpg,tomato
200_100.jpg,tomato
r2_248_100.jpg,tomato
r2_263_100.jpg,tomato
r2_58_100.jpg,tomato
r_8_100.jpg,tomato
r2_272_100.jpg,tomato
r2_284_100.jpg,tomato
r_237_100.jpg,tomato
r_245_100.jpg,tomato
210_100.jpg,tomato
188_100.jpg,tomato
r2_281_100.jpg,tomato
42_100.jpg,tomato
11_100.jpg,tomato
189_100.jpg,tomato
32_100.jpg,tomato
r_269_100.jpg,tomato
r_12_100.jpg,tomato
r2_275_100.jpg,tomato
9_100.jpg,tomato
r_256_100.jpg,tomato
r2_274_100.jpg,tomato
60_100.jpg,tomato
49_100.jpg,tomato
r2_249_100.jpg,tomato
r2_246_100.jpg,tomato
r_229_100.jpg,tomato
r_253_100.jpg,tomato
r_277_100.jpg,tomato
28_100.jpg,tomato
r2_278_100.jpg,tomato
r_226_100.jpg,tomato
r_272_100.jpg,tomato
r2_9_100.jpg,tomato
r2_252_100.jpg,tomato
r_227_100.jpg,tomato
209_100.jpg,tomato
r2_253_100.jpg,tomato
r_6_100.jpg,tomato
r2_268_100.jpg,tomato
186_100.jpg,tomato
r2_224_100.jpg,tomato
53_100.jpg,tomato
r_232_100.jpg,tomato
r2_220_100.jpg,tomato
r_220_100.jpg,tomato
r2_218_100.jpg,tomato
r_219_100.jpg,tomato
r2_230_100.jpg,tomato
10_100.jpg,tomato
r_4_100.jpg,tomato
r2_265_100.jpg,tomato
r2_221_100.jpg,tomato
r2_209_100.jpg,tomato
r2_295_100.jpg,tomato
r2_56_100.jpg,tomato
r_236_100.jpg,tomato
r2_237_100.jpg,tomato
327_100.jpg,tomato
r2_231_100.jpg,tomato
r2_216_100.jpg,tomato
r_285_100.jpg,tomato
r_287_100.jpg,tomato
r2_258_100.jpg,tomato
r2_269_100.jpg,tomato
r_292_100.jpg,tomato
r2_250_100.jpg,tomato
62_100.jpg,tomato
r_278_100.jpg,tomato
r_263_100.jpg,tomato
r2_234_100.jpg,tomato
r2_243_100.jpg,tomato
61_100.jpg,tomato
r_261_100.jpg,tomato
216_100.jpg,tomato
r_255_100.jpg,tomato
r2_223_100.jpg,tomato
190_100.jpg,tomato
r2_233_100.jpg,tomato
192_100.jpg,tomato
r_251_100.jpg,tomato
193_100.jpg,tomato
r2_264_100.jpg,tomato
r2_283_100.jpg,tomato
r_9_100.jpg,tomato
183_100.jpg,tomato
r_254_100.jpg,tomato
r_11_100.jpg,tomato
187_100.jpg,tomato
215_100.jpg,tomato
r_244_100.jpg,tomato
